Title,Price,Rating,Num Of Reviews,Author,Book Type,Genre,Cover Image,Mean_Red,Mean_Green,Mean_Blue,Contrast,Edge_Complexity,Color_Variance,Color_Saturation,Sharpness,Interesting
كتاب التحصيلي علمي 46-47 (2025),98.0,4.3,8,Nasser bin Abdulaziz Al-Abdulkarim,Paperback,Education & Reference,"https://images-eu.ssl-images-amazon.com/images/I/711G5sHK6QL._AC_UL300_SR300,200_.jpg",172.31386666666666,160.20998333333333,137.70255,102.57594713766966,13.26425,11897.95506033778,86.32843333333334,1692.9593042441663,1
El Sharq library المعاصر 9 تاسيس كمي 2/1 ورقي ومحوسب,107.58,4.5,218,Imad Al-Zarri,Paperback,Education & Reference,"https://images-eu.ssl-images-amazon.com/images/I/61bz3P6Bv4L._AC_UL300_SR300,200_.jpg",217.7949833333333,222.9316,218.86361666666667,47.47496935209356,39.47825,2771.0540515511107,38.9206,1519.4456175641667,0
Coloriages mystères Pixar,109.1,4.7,2603,Jérémy Mariez,Paperback,Self-Help & Personal Development,"https://images-eu.ssl-images-amazon.com/images/I/81yEhlMz2HL._AC_UL300_SR300,200_.jpg",220.7053833333333,199.9220833333333,192.17585,68.99040802038877,18.81475,5396.8274924814505,51.034083333333335,1044.7725414930555,0
Coloriages mystères Disney Princesses: Coloriez les chiffres et découvrez l'image,109.1,4.7,5847,Jérémy Mariez,Paperback,"Arts, Crafts, & Hobbies","https://images-eu.ssl-images-amazon.com/images/I/81EqE1+IxzL._AC_UL300_SR300,200_.jpg",217.3215,203.41356666666667,207.22755,66.90014494486043,19.1505,5175.293968794784,55.56443333333333,1140.6345667155556,0
My First 365 Coloring Book: Jumbo Coloring Book for Kids (with Tear Out Sheets),29.0,4.6,1618,Wonder House Book s,Paperback,Children & Young Adults,"https://images-eu.ssl-images-amazon.com/images/I/71ge72GnrpL._AC_UL300_SR300,200_.jpg",209.32488333333333,206.4889,206.5987,62.91310475016755,24.072,5325.032626759228,63.7165,1195.6134968641668,0
My First Library : Boxset Of 10 Board Books For Kids: Boxset for Kids (Pack-1),45.0,4.6,80641,Wonder House Book s,Board book,Children & Young Adults,"https://images-eu.ssl-images-amazon.com/images/I/711c-uf6AFL._AC_UL300_SR300,200_.jpg",199.2457833333333,171.28025,133.10333333333332,67.20546605864735,36.29075,7922.5271478813565,128.40736666666666,3867.723033465556,1
The Power of your Subconscious Mind,35.0,4.5,14101,Joseph Murphy,Paperback,Self-Help & Personal Development,"https://images-eu.ssl-images-amazon.com/images/I/61WMgOHyDaL._AC_UL300_SR300,200_.jpg",243.9457333333333,239.7443333333333,238.81156666666664,38.62752770821463,18.037,1613.373803407284,10.9589,1736.9988030122215,0
مذكرات أخصائي نفسي - نورة محمد الكيال,80.5,0.0,0,Norah Muhammad al-Kayal,Paperback,Psychology & Philosophy,"https://images-eu.ssl-images-amazon.com/images/I/61h6o5j-SxL._AC_UL300_SR300,200_.jpg",233.1873833333333,232.0015833333333,231.7829,49.42240460492645,15.47,2484.3308416869145,8.619633333333333,970.6029078888888,0
Coloriages mystères Disney - Les Grands classiques Tome 11,109.1,4.5,779,Jérémy Mariez,Paperback,Children & Young Adults,"https://images-eu.ssl-images-amazon.com/images/I/816OVZU20cL._AC_UL300_SR300,200_.jpg",214.59005,200.68036666666663,196.7008333333333,68.22567366142715,34.1785,5375.293391493056,50.93258333333333,2044.64394476,0
فاتتني صلاة,26.0,4.7,300,Islam Jamal.,Paperback,Fiction Genres,"https://images-eu.ssl-images-amazon.com/images/I/61Cc+xopBNL._AC_UL300_SR300,200_.jpg",231.69051666666667,231.92305,233.22425,33.49261938669805,13.83375,1146.1927681370064,6.192566666666667,962.7785869997222,0
Iron Flame: 2,89.0,4.6,12895,Rebecca Yar r o s,Hardcover,Literature & Fiction,"https://images-eu.ssl-images-amazon.com/images/I/917Bc9C1MlL._AC_UL300_SR300,200_.jpg",226.4483833333333,207.65836666666667,192.86068333333333,68.26561317739986,20.6975,5599.447204379137,50.900083333333335,1742.5792003975002,0
Creative Haven Main Street Coloring Book,35.0,4.7,2466,Teresa Goodridg e,Paperback,"Arts, Crafts, & Hobbies","https://images-eu.ssl-images-amazon.com/images/I/91XP39IVwfL._AC_UL300_SR300,200_.jpg",221.52591666666663,215.20661666666663,209.61855,57.548985391191344,36.448,3677.787235980709,31.35011666666667,3213.5188142400007,0
"The Psychology of Money: Timeless lessons on wealth, greed, and happiness",55.0,4.7,20420,Morgan Housel,Paperback,Business & Finance,"https://images-eu.ssl-images-amazon.com/images/I/81wZXiu4OiL._AC_UL300_SR300,200_.jpg",245.11465,245.6858833333333,245.19046666666668,31.78918986026888,16.56225,1032.1748243333332,1.42465,1953.3129889997224,0
100 First Words (Ms. Rachel),42.07,4.8,119,Ms. Rachel,Board book,Children & Young Adults,"https://images-eu.ssl-images-amazon.com/images/I/811bt83wB7L._AC_UL300_SR300,200_.jpg",205.84206666666665,199.10436666666664,175.41965,54.874474232436974,25.8995,4641.061018480709,77.23721666666667,1167.1125295641668,0
101 Unicorn Colouring Book: Fun Activity Colouring Book for Children,21.95,4.6,2313,Wonder House Book s,Paperback,Children & Young Adults,"https://images-eu.ssl-images-amazon.com/images/I/71Xde5joqVL._AC_UL300_SR300,200_.jpg",229.30781666666667,211.3961833333333,214.44448333333327,58.254553524049854,28.21575,3657.14037067034,40.099716666666666,1636.4629008263894,0
First 100 Words: A Padded Board Book,49.0,4.7,36315,Roger Priddy,Board book,Children & Young Adults,"https://images-eu.ssl-images-amazon.com/images/I/71aMpgf078L._AC_UL300_SR300,200_.jpg",215.138,201.95166666666665,179.37955,62.436604201595294,21.3265,5615.593435450341,66.5334,1162.3580289930558,0
The Housemaid,76.26,4.7,15956,Freida McFadden,Paperback,Fiction Genres,"https://images-eu.ssl-images-amazon.com/images/I/81AHTyq2wVL._AC_UL300_SR300,200_.jpg",170.16806666666668,186.97741666666667,204.57471666666663,88.88833468676522,14.92175,7973.30211244,78.2585,1871.565713582222,1
Golden Books The Tale of Peter Rabbit,9.0,4.8,1894,Beatrix P o t te r,Hardcover,Children & Young Adults,"https://images-eu.ssl-images-amazon.com/images/I/91aZJmKeqUL._AC_UL300_SR300,200_.jpg",218.14481666666663,214.0782333333333,201.96826666666664,44.27751091950255,36.35875,2396.588379399969,31.40108333333333,1245.3995873263889,0
"Cambridge University Press Unlock Level 3 Reading, Writing, & Critical Thinking Students Book",126.0,4.7,18,Carolyn Westbrook,Paperback,Education & Reference,"https://images-eu.ssl-images-amazon.com/images/I/71-pRNI-CUL._AC_UL300_SR300,200_.jpg",157.17366666666666,156.12655,159.63175,105.12452765594902,16.90225,10951.629078310983,48.57855,1614.336232048889,1
الليالي البيضاء,29.0,4.6,61,Dustowski.,Paperback,Fiction Genres,"https://images-eu.ssl-images-amazon.com/images/I/813axjGRhzL._AC_UL300_SR300,200_.jpg",172.81405,192.24715,202.9288,78.30882970945336,12.00625,6404.976344444443,57.1223,582.6987242122221,0
Best of Babies,109.1,4.7,170,Collectif,Paperback,Children & Young Adults,"https://images-eu.ssl-images-amazon.com/images/I/716wZKBSleL._AC_UL300_SR300,200_.jpg",216.30838333333327,213.46896666666663,204.11336666666668,61.37200398813552,18.938,4366.5886970910815,38.78798333333334,849.3108710122223,0
A Man Called Ove,40.0,4.6,18053,Fredrik Backman,Paperback,Comics & Humor,"https://images-eu.ssl-images-amazon.com/images/I/81g2oEdeGTL._AC_UL300_SR300,200_.jpg",209.50816666666665,213.00756666666663,209.5868333333333,59.800399346483374,21.199,3757.0628126013576,19.222716666666667,1275.0184546597222,0
Colouring Books For Kids (Pack Of 12 Books For Children ),44.51,4.4,5345,Wonder House Book s,Paperback,Children & Young Adults,"https://images-eu.ssl-images-amazon.com/images/I/81ZiMSpnmDL._AC_UL300_SR300,200_.jpg",240.762,216.76181666666668,205.08273333333327,54.052801689826616,27.7865,4242.448805233057,44.701816666666666,1450.7476721330554,0
"Good Vibes, Good Life: How Self-Love Is the Key to Unlocking Your Greatness: OVER 2 MILLION COPIES SOLD",69.0,4.7,25801,Vex King,Paperback,Self-Help & Personal Development,"https://images-eu.ssl-images-amazon.com/images/I/61EuEW9rABL._AC_UL300_SR300,200_.jpg",251.38005,251.08,249.77276666666663,13.646745588835048,9.55825,219.3095533036728,2.2302166666666667,486.0878660433334,0
White Nights,19.0,4.6,1489,Fyodor Dostoyevsky,Mass Market Paperback,Fiction Genres,"https://images-eu.ssl-images-amazon.com/images/I/51lMJWnnRDL._AC_UL300_SR300,200_.jpg",153.58265,153.58265,153.58265,122.77843799154704,7.2165,15074.544835644165,0.0,1647.126095448889,1
Orientalism: Western Conceptions of the Orient,84.29,4.6,1625,Edward W. Said,Paperback,History & Culture,"https://images-eu.ssl-images-amazon.com/images/I/81CGJE1QyKL._AC_UL300_SR300,200_.jpg",198.34826666666663,194.1298,180.95506666666665,75.47582392026823,18.09225,6646.534577279507,47.5843,1351.513423732222,0
Mandala: Colouring Books For Adults With Tear Out Sheets (Adult Colouring Book) Paperback,25.58,4.5,5040,Wonder House Book s,Paperback,"Arts, Crafts, & Hobbies","https://images-eu.ssl-images-amazon.com/images/I/91-40jIWD4S._AC_UL300_SR300,200_.jpg",225.18031666666667,220.67956666666663,219.89296666666667,49.46476636650914,35.1815,2586.8285740975,20.46255,2561.9210591975,0
الفقراء,39.0,4.6,53,various,Paperback,Fiction Genres,"https://images-eu.ssl-images-amazon.com/images/I/61G-1AW1NAL._AC_UL300_SR300,200_.jpg",179.40358333333333,201.36305,192.58726666666664,76.89203431952855,9.928,6502.45442831,48.5576,717.1422566041667,0
Atomic Habits: An Easy & Proven Way to Build Good Habits & Break Bad Ones,89.0,4.8,72969,James Clea r,Hardcover,Business & Finance,"https://images-eu.ssl-images-amazon.com/images/I/81ANaVZk5LL._AC_UL300_SR300,200_.jpg",247.17391666666663,244.45626666666664,237.7923333333333,22.457000197018505,15.03225,634.845758851821,10.516666666666667,1125.9490871330556,0
GRAPHIX Dog Man 10: Mothering Heights (The New BlockbUSting International Bestseller),50.91,4.9,22481,Dav Pilkey,Hardcover,Mysteries & Detective Stories for Children,"https://images-eu.ssl-images-amazon.com/images/I/81Cx8j-Db4L._AC_UL300_SR300,200_.jpg",180.65081666666663,197.80281666666667,199.6485166666667,83.10544058938352,24.6415,7593.566335041945,65.01378333333334,3063.7542481663886,1
"Tuesdays With Morrie: An old man, a young man, and life's greatest lesson",42.0,4.6,8309,Mitch Alb o m,Paperback,Psychology & Philosophy,"https://images-eu.ssl-images-amazon.com/images/I/71nUyVAUJfL._AC_UL300_SR300,200_.jpg",236.51683333333327,230.76355,222.6151833333333,40.84043917116139,13.0475,1823.123432630988,19.3173,1245.5288225975005,0
"Handwriting Practice Book For Kids Ages 6-10: Printing Workbook For Grades 1, 2 & 3, Learn To Trace Alphabet Letters And Numbers 1-100, Sight Words, 101 Jokes: Improve Writing Penmanship",38.32,4.7,5359,Hippid o o,Paperback,Children & Young Adults,"https://images-eu.ssl-images-amazon.com/images/I/61DEi2dDNAL._AC_UL300_SR300,200_.jpg",208.39836666666667,230.8642,231.1465,46.15498196264649,22.6015,3582.356825680987,54.00821666666667,1249.4425555975,0
Blippi: I Like That! Coloring Book with Crayons: Blippi Coloring Book with Crayons,27.99,4.7,3552,Editors of Studio Fun International,Paperback,Children & Young Adults,"https://images-eu.ssl-images-amazon.com/images/I/81ent8SDQkL._AC_UL300_SR300,200_.jpg",205.4764166666667,207.19221666666667,198.6213833333333,59.47013304480148,32.3765,4352.630997074044,49.05223333333333,1375.9051164530556,0
"Brown Bear, Brown Bear, What Do You See?",39.0,4.9,49653,Bill Martin,Board book,Children & Young Adults,"https://images-eu.ssl-images-amazon.com/images/I/81kZ3Gl3WKL._AC_UL300_SR300,200_.jpg",225.6659,206.0052,189.02113333333327,66.10824538477068,22.03625,5680.321286630988,55.89758333333333,1490.6223631455557,0
The Four Agreements: Practical Guide to Personal Freedom: A Practical Guide to Personal Freedom (Toltec Wisdom): 1,55.16,4.8,77045,Don Miguel Ruiz,Paperback,Self-Help & Personal Development,"https://images-eu.ssl-images-amazon.com/images/I/91rR9gMuOVL._AC_UL300_SR300,200_.jpg",216.6059,197.48121666666665,169.11426666666668,64.70327982923061,28.6535,5878.7834475651525,70.33363333333334,1635.7518116441668,0
Baby Touch And Feel: Animals (Baby Touch And Feel (Dk Publishing)),29.0,4.7,11507,DK,Board book,Activity Books for Children,"https://images-eu.ssl-images-amazon.com/images/I/71JgyMLYYSL._AC_UL300_SR300,200_.jpg",226.70616666666663,223.68646666666663,211.49455,46.51685343227764,18.82325,2972.1858432295985,40.82905,643.8615685233333,0
Coloriages mystères Disney - Les Grands classiques Tome 10,109.1,4.8,561,Jérémy Mariez,Paperback,"Arts, Crafts, & Hobbies","https://images-eu.ssl-images-amazon.com/images/I/81lpjslIBgL._AC_UL300_SR300,200_.jpg",203.0641,200.87086666666667,197.6105,70.8112187447704,32.283,5759.562903642469,55.91655,1846.5889427197224,0
الاطلس المصور للاطفال - العالم,29.0,4.5,127,A collection of authors,Hardcover,Children & Young Adults,"https://images-eu.ssl-images-amazon.com/images/I/81LdXwj8lnL._AC_UL300_SR300,200_.jpg",216.80688333333333,223.57586666666663,184.0342833333333,37.97283839153981,25.54675,2682.700675910988,61.52061666666667,1040.7900338266666,0
Coloriages Mystères Disney Portraits,109.1,4.6,4828,Christophe-Alexis Perez,Paperback,Activity Books for Children,"https://images-eu.ssl-images-amazon.com/images/I/81RQHuIg0ZL._AC_UL300_SR300,200_.jpg",197.5090333333333,197.2918,202.40325,73.07807278018755,22.90325,5323.56971111034,34.96755,1110.132595182222,0
A Curse For True Love: the thrilling final book in the Once Upon a Broken: 3,75.04,4.5,413,Stephanie Garbe r,Paperback,Fiction Genres,"https://images-eu.ssl-images-amazon.com/images/I/91EHaC+M-RL._AC_UL300_SR300,200_.jpg",231.2891833333333,203.9910833333333,213.1430333333333,56.26707830382602,31.93025,3320.381468567778,39.728366666666666,1853.692801222222,0
No Hitting!,25.0,4.4,1015,Karen Katz,Paperback,Children & Young Adults,"https://images-eu.ssl-images-amazon.com/images/I/71UvyNwcMDL._AC_UL300_SR300,200_.jpg",203.86845,187.71195,152.04365,60.04431968314923,33.4305,6092.1306457330575,94.64988333333334,1207.2798959863892,1
The Art of Sourdough Scoring: Your All-In-One Guide to Perfect Loaves with Gorgeous Designs,102.19,4.5,168,Brittany Wood,Paperback,"Arts, Crafts, & Hobbies","https://images-eu.ssl-images-amazon.com/images/I/91G4u-eoQDL._AC_UL300_SR300,200_.jpg",231.86476666666667,223.23956666666663,216.13561666666664,46.94866019917394,32.64425,2556.5162193330552,23.89153333333333,2862.4434969108333,0
Random House Books for Young Readers The Dragon's Promise: 2,49.0,4.6,243,Elizabeth Lim,Paperback,Children & Young Adults,"https://images-eu.ssl-images-amazon.com/images/I/A1XKp-yYXWL._AC_UL300_SR300,200_.jpg",192.61911666666663,199.55911666666665,191.49293333333333,74.64793594056295,33.031,6174.089289108025,46.65611666666667,1785.6578507641668,0
The Art Of Cuphead,228.47,4.9,3581,Studio MDHR,Hardcover,"Arts, Crafts, & Hobbies","https://images-eu.ssl-images-amazon.com/images/I/91EaniW+yML._AC_UL300_SR300,200_.jpg",228.16493333333327,185.50396666666663,173.6229,69.22397903616725,19.40975,6300.387394751109,70.4046,1624.9098919375003,0
Coloriages mystأ¨res Disney - Mickey and friends,109.1,4.8,611,Jérémy Mariez,Paperback,"Arts, Crafts, & Hobbies","https://images-eu.ssl-images-amazon.com/images/I/81gX7wE7VmL._AC_UL300_SR300,200_.jpg",214.04076666666663,201.62321666666668,203.51856666666663,72.79512567960853,26.99175,5489.685680610833,36.07726666666667,2332.441405056667,0
Batman: The Golden Age Omnibus Vol. 1 (2023 Editio,115.12,4.9,25,Bob Kan e,Hardcover,Comics & Humor,"https://images-eu.ssl-images-amazon.com/images/I/81fY7Gc-dIL._AC_UL300_SR300,200_.jpg",213.25666666666663,202.4864333333333,191.70606666666663,80.26065919398529,18.53425,6924.57649066358,48.49478333333333,1424.6653736041667,0
"Man's Search For Meaning: The classic tribute to hope from the Holocaust Frankl, Viktor E",30.0,4.7,40355,Viktor E Frankl,Paperback,Textbooks and study guide,"https://images-eu.ssl-images-amazon.com/images/I/61157LApbuL._AC_UL300_SR300,200_.jpg",209.95601666666667,204.0463,205.1523833333333,69.46270782345292,16.745,4805.682096434443,13.995266666666666,1158.7897383775,0
DK Children Baby Touch And Feel Mealtime,29.0,4.5,312,DK,Board book,Children & Young Adults,"https://images-eu.ssl-images-amazon.com/images/I/71Zw8OYPrIL._AC_UL300_SR300,200_.jpg",238.32288333333327,219.7461833333333,208.41856666666664,48.27421019521938,21.90025,3204.455334859136,40.314283333333336,779.0568034530555,0
The Food For Life Cookbook: 100+ Recipes Created with ZOE,147.91,4.5,872,Tim t o r,Hardcover,Cookbooks & Food,"https://images-eu.ssl-images-amazon.com/images/I/71y71Q+YuQL._AC_UL300_SR300,200_.jpg",239.8908333333333,220.02941666666663,200.79446666666664,56.289224216205206,18.41525,5373.024092231822,51.873666666666665,1355.9948454997225,0
"Food for Life: The New Science of Eating Well, by the #1 bestsell",108.87,4.6,1182,Tim t o r,Paperback,Health & Fitness,"https://images-eu.ssl-images-amazon.com/images/I/71dKEGV5j0L._AC_UL300_SR300,200_.jpg",244.5800833333333,230.6287333333333,210.37446666666668,45.56957361690656,11.458,3921.2619848762656,41.88268333333333,733.3363027155556,0
Why Has Nobody Told Me This Before?: The No 1 Sunday Times Bestseller 2022,49.0,4.6,8910,Dr Julie Smi t h,Paperback,Psychological Therapy,"https://images-eu.ssl-images-amazon.com/images/I/61WA9ViLmML._AC_UL300_SR300,200_.jpg",247.01096666666663,243.76941666666667,241.4548,31.64713412016517,13.30675,1114.919726533302,10.762916666666667,1726.78443536,0
ONEWorld Publications Sweet Bean Paste: The International Bestseller,77.99,4.7,658,Durian Sukegawa,Paperback,Cookbooks & Food,"https://images-eu.ssl-images-amazon.com/images/I/71M5WKI6dJL._AC_UL300_SR300,200_.jpg",225.98526666666663,226.8432,230.55375,40.97824303369885,12.96675,1860.6882881947845,24.94615,777.1006116622224,0
"Shifrat Da Vinci: The Da Vinci Code (Arabic Edition), Dan Brown, The Arab Science Publishers",64.0,4.3,50,Dan Brown.,Paperback,Mystery & Thriller,"https://images-eu.ssl-images-amazon.com/images/I/91dDl4qglFL._AC_UL300_SR300,200_.jpg",167.79545,158.32198333333332,167.9667,101.99928793045432,19.85175,9987.878520916543,58.27848333333333,2116.2891014933334,1
A Game of Thrones: 1,39.37,4.6,311,George R. R. Martin,Mass Market Paperback,Poetry & Essays,"https://images-eu.ssl-images-amazon.com/images/I/81dvjub+IRL._AC_UL300_SR300,200_.jpg",173.09245,170.79083333333332,167.2931,103.5242884503908,21.5135,10874.973563583671,30.721216666666667,2558.415573305556,1
A Good Girl'S Guide To Murder,49.0,4.7,11757,Holly Jackson,Paperback,Children & Young Adults,"https://images-eu.ssl-images-amazon.com/images/I/81E3hDPr3eL._AC_UL300_SR300,200_.jpg",235.6940833333333,232.85311666666664,232.60715,50.69431542407448,21.4455,2596.637891786389,9.897283333333334,2362.5180966388884,0
"Peter Pauper Press Celestial Journal (Diary, Notebook)",62.46,4.9,9548,Inc Peter Pauper Press,Diary,History & Culture,"https://images-eu.ssl-images-amazon.com/images/I/A15c+pr-6sL._AC_UL300_SR300,200_.jpg",180.49416666666667,189.50451666666663,194.6912333333333,73.977918265969,32.78875,5483.870473888116,42.40101666666666,2312.451228953056,0
Llama Llama Nighty-Night,29.0,4.8,3,Anna Dewdney,Board book,Children & Young Adults,"https://images-eu.ssl-images-amazon.com/images/I/81VDjQQ+GlL._AC_UL300_SR300,200_.jpg",153.2833,165.7043,182.68491666666668,77.60366864821677,25.0155,6530.660030148117,99.52805,1780.280726928889,1
The Diary of a Bookseller,84.29,4.5,771,Shaun Bythell,Paperback,Poetry & Essays,"https://images-eu.ssl-images-amazon.com/images/I/81wdElKiO2L._AC_UL300_SR300,200_.jpg",212.48648333333333,207.06291666666667,199.99283333333327,68.99646012618449,30.753,4994.932279593949,26.38713333333333,2581.933138443333,0
Inner Traditions International Muhammad: His Life Based on the Earliest Sources,62.0,4.8,1905,Martin Lings,Paperback,Religion & Spirituality,"https://images-eu.ssl-images-amazon.com/images/I/81T2sIksH4L._AC_UL300_SR300,200_.jpg",170.1606,201.8924,175.67106666666666,79.21672701959795,20.9355,8250.888343792098,87.28386666666667,3538.779235982223,1
"Teach Yourself Short Stories in English for Beginners: Read for pleasure at your level, expand your vocabulary and learn English the fun way!",74.25,4.7,1006,Olly Richard s,Paperback,Education & Reference,"https://images-eu.ssl-images-amazon.com/images/I/81XOjJK0prL._AC_UL600_SR600,400_.jpg",217.32101666666668,215.12610416666664,205.50866666666667,69.21322524106814,13.2313125,5150.699923083872,45.35975833333333,770.3606425733333,0
How to Win Friends and Influence People,35.0,4.5,5569,Dale Carnegi e,Paperback,Self-Help & Personal Development,"https://images-eu.ssl-images-amazon.com/images/I/611OWa8x+WL._AC_UL300_SR300,200_.jpg",231.97421666666668,175.10796666666667,169.41611666666665,84.51045168636277,20.06425,8972.111566345555,87.49265,1599.960870078889,1
The Girl Who Never Made Mistakes,77.99,4.7,2535,Gary Rubinstein,Hardcover,Children & Young Adults,"https://images-eu.ssl-images-amazon.com/images/I/71Um-uEGVbL._AC_UL300_SR300,200_.jpg",196.52981666666668,203.61886666666663,229.0567333333333,43.65448140744608,32.3425,2258.4958208140424,51.011116666666666,2035.612430555556,0
Everyone Here Is Lying: A Novel,22.64,4.6,1029,Shari Lapena,Hardcover,Mystery & Thriller,"https://images-eu.ssl-images-amazon.com/images/I/81kBg491MFL._AC_UL300_SR300,200_.jpg",197.2339,177.21311666666668,179.13131666666666,93.53897536605916,24.07625,8979.86026265432,64.06975,2193.247765353056,1
The Ten Types of Human: Who We Are and Who We Can Be,62.16,4.6,238,Dexter Dias,Paperback,Psychology & Philosophy,"https://images-eu.ssl-images-amazon.com/images/I/71dQ6auvKHL._AC_UL300_SR300,200_.jpg",247.4279833333333,243.8571,239.5845,24.302240306599764,12.308,694.4980897955246,9.351,776.8808697499999,0
No More Nappies: A Potty-Training Book,45.0,4.7,9021,Campbell Books,Board book,Children & Young Adults,"https://images-eu.ssl-images-amazon.com/images/I/81fZHA1dDhL._AC_UL600_SR600,400_.jpg",193.19840833333333,210.1489125,201.8719708333333,55.078720386748245,14.5891875,4487.467585499807,73.44317916666667,467.823497406927,0
"Blue Ocean Strategy, Expanded Edition: How to Create Uncontested Market Space and Make the Competition Irrelevant",74.0,4.6,3615,W Chan Kim,Hardcover,Parenting & Family,"https://images-eu.ssl-images-amazon.com/images/I/91YCWH4jFdL._AC_UL600_SR600,400_.jpg",174.76404166666666,208.10102916666668,220.21015416666663,73.4986469717441,17.945625,6478.887118466597,79.88484166666667,650.6924264081771,0
Twisted Games: the must-read bodyguard romance: 2 ,65.46,4.7,9940,Ana Huang,Paperback,Fiction Genres,"https://images-eu.ssl-images-amazon.com/images/I/71pLR3Iy50L._AC_UL600_SR600,400_.jpg",247.0273625,243.4797208333333,235.2608708333333,19.66285390624321,7.3748125,801.6793102479152,13.5248875,281.36158055555546,0
The bell jar ,39.0,4.6,375,Sylvia Plat h,Paperback,Fiction Genres,"https://images-eu.ssl-images-amazon.com/images/I/91jUUia8vKL._AC_UL300_SR300,200_.jpg",203.83056666666667,211.77301666666668,217.71865,59.856794330243375,10.19575,3694.612129519877,26.0055,658.4112477322223,0
It Didn't Start With You: How inherited family trauma shapes who we are and,89.0,4.7,9841,Mark Wolynn,Paperback,Diseases & Physical Ailments,"https://images-eu.ssl-images-amazon.com/images/I/711+NwnODwL._AC_UL600_SR600,400_.jpg",245.983275,243.70529166666665,231.6904125,23.77982066377357,8.3119375,736.7277421064327,16.224895833333335,626.3546033727604,0
The Power of A Positive Attitude: Your Road To Success,19.0,4.4,4895,Roger Fritz,Paperback,Self-Help & Personal Development,"https://images-eu.ssl-images-amazon.com/images/I/610kcuW0g1L._AC_UL600_SR600,400_.jpg",230.8386708333333,228.61117916666663,225.1707125,56.198245912164815,9.8971875,3422.407034964844,25.3963875,474.702209016927,0
Never Finished: Unshackle Your Mind and Win the War Within,139.0,4.8,2541,David Goggins,Paperback,Self-Help & Personal Development,"https://images-eu.ssl-images-amazon.com/images/I/61IzrJ6qSkL._AC_UL600_SR600,400_.jpg",198.85420416666668,198.73534166666667,199.90029166666667,88.03772300926593,11.6290625,7748.11240519151,12.5715125,625.9888824663889,0
The Little Red Hen ,9.0,4.7,4453,J. P. Mille r,Hardcover,Children & Young Adults,"https://images-eu.ssl-images-amazon.com/images/I/91cBMSpxXDL._AC_UL300_SR300,200_.jpg",235.8289333333333,222.16586666666663,191.6857,43.48926124509551,16.98725,4027.350902194444,58.77308333333333,819.5932508263888,0
"Do It Today: Overcome procrastination, improve productivity and achieve more meaningful things",36.47,4.5,4657,Darius Foroux,Paperback,Self-Help & Personal Development,"https://images-eu.ssl-images-amazon.com/images/I/61jCkOVf1oL._AC_UL300_SR300,200_.jpg",247.13081666666668,226.23543333333333,176.58871666666667,37.67486189357199,13.79975,4538.653622814692,75.95906666666667,701.1873294330555,0
Blue Sisters,66.06,4.3,162,Coco Mello r s,Paperback,Fiction Genres,"https://images-eu.ssl-images-amazon.com/images/I/818vHhQ5P+L._AC_UL600_SR600,400_.jpg",231.6457,231.3436125,230.94227916666668,44.25837945167292,11.3166875,2065.748723551844,16.477079166666666,361.9961797910416,0
Crime and Punishment,49.0,4.6,2724,Fyodor Dostoyevsky,Paperback,Mystery & Thriller,"https://images-eu.ssl-images-amazon.com/images/I/81bAXZAp-GL._AC_UL600_SR600,400_.jpg",189.64994583333333,196.5072333333333,197.0933,84.20803421073697,16.26475,7114.144237705972,35.58558333333333,589.4486509982639,0
The Ballad of Never After: the stunning sequel to the Sunday Times bestseller Once Upon A Broken Heart,54.0,4.8,2619,Stephanie Garbe r,Paperback,Fiction Genres,"https://images-eu.ssl-images-amazon.com/images/I/81eZMptKtbL._AC_UL600_SR600,400_.jpg",227.11237083333333,182.840225,187.7308125,75.934255594889,21.677125,6466.78075033888,69.5402625,747.6385882549306,0
No Longer Human,59.0,4.7,13656,Osamu Dazai,Paperback,Historical Fiction,"https://images-eu.ssl-images-amazon.com/images/I/41alKvN9GwL._AC_UL300_SR300,200_.jpg",189.56506666666667,157.4122,168.90041666666667,95.73629218463718,10.7525,9598.911387625893,44.8834,1174.2799155455557,1
"The Coming Wave: Technology, Power, and the Twenty-first Century's Greatest Dilemma",62.0,4.4,884,Mustafa Suleyman,Paperback,Technology & Digital Media,"https://images-eu.ssl-images-amazon.com/images/I/81GffHs0vSL._AC_UL300_SR300,200_.jpg",224.73186666666663,227.3488,227.03036666666668,57.53553710602595,18.1985,3331.4219783258022,9.13085,3189.117253115556,0
IKIGAI,67.89,4.6,42127,Héctor García,Hardcover,Self-Help for Anger Management,"https://images-eu.ssl-images-amazon.com/images/I/71xH0ALI4-L._AC_UL300_SR300,200_.jpg",209.60991666666663,230.6564833333333,236.4298,37.777957382344304,16.2945,1693.757989506667,32.57691666666667,1005.6743120308332,0
